model,one_step_vrmse,rollout_6:12,rollout_13:30
FNO,38.03166,266126.46875,inf
TFNO,1212.57666,14425820189687808.00000,nan
U-Net,0.04070,0.62608,15.47116
CNextU-Net,0.03208,0.31217,2.14059
persistence,,2.58721,25.41451
mean,,1.69018,19.58667
