model,n_params_M,one_step_vrmse,rollout_6:12,rollout_13:30,stability_horizon
FNO,19.009,38.03166,266127.34375,inf,0
TFNO,19.274,1212.57666,14425892130390016.00000,nan,0
U-Net,17.464,0.04070,0.62610,15.47198,11
CNextU-Net,18.572,0.03208,0.31217,2.14047,18
persistence,,,2.58721,25.41451,3
mean,,,1.69018,19.58668,0
