model,one_step_vrmse,rollout_6:12,rollout_13:30
FNO,1.49651,18983634944.00000,inf
TFNO,1.98774,3.95795,4.18083
U-Net,0.26893,0.74164,1.27346
CNextU-Net,0.22629,0.57314,1.02150
persistence,,1.20257,1.58332
mean,,1.38541,1.68473
