{
  "dataset": "turbulent_radiative_layer_2D",
  "protocol": {
    "n_steps_input": 4,
    "n_steps_output": 1,
    "stride": 1,
    "normalization": "ZScore (denormalized/physical-space VRMSE)",
    "H": 30,
    "windows": {
      "6:12": [
        6,
        12
      ],
      "13:30": [
        13,
        30
      ]
    },
    "vrmse": "official per-sample the_well.benchmark.metrics.VRMSE; 'aggregated' = sqrt(sum MSE / sum var)"
  },
  "fields": [
    "density",
    "pressure",
    "velocity_x",
    "velocity_y"
  ],
  "models": {
    "FNO": {
      "one_step_vrmse_field_avg": 1.4965078830718994,
      "one_step_vrmse_per_field": {
        "density": 1.2870221138000488,
        "pressure": 2.5306525230407715,
        "velocity_x": 1.0321474075317383,
        "velocity_y": 1.1362096071243286
      },
      "rollout_window_vrmse_official": {
        "6:12": 18983634944.0,
        "13:30": Infinity
      },
      "rollout_window_vrmse_aggregated": {
        "6:12": 14379500544.0,
        "13:30": Infinity
      }
    },
    "TFNO": {
      "one_step_vrmse_field_avg": 1.987743854522705,
      "one_step_vrmse_per_field": {
        "density": 1.0295641422271729,
        "pressure": 4.391519546508789,
        "velocity_x": 1.0789217948913574,
        "velocity_y": 1.45097017288208
      },
      "rollout_window_vrmse_official": {
        "6:12": 3.9579498767852783,
        "13:30": 4.180830001831055
      },
      "rollout_window_vrmse_aggregated": {
        "6:12": 3.172866106033325,
        "13:30": 1.9447052478790283
      }
    },
    "U-Net": {
      "one_step_vrmse_field_avg": 0.26892656087875366,
      "one_step_vrmse_per_field": {
        "density": 0.09609898924827576,
        "pressure": 0.5122560858726501,
        "velocity_x": 0.20470845699310303,
        "velocity_y": 0.2626428008079529
      },
      "rollout_window_vrmse_official": {
        "6:12": 0.7416424751281738,
        "13:30": 1.273459792137146
      },
      "rollout_window_vrmse_aggregated": {
        "6:12": 0.6595169901847839,
        "13:30": 0.9838559627532959
      }
    },
    "CNextU-Net": {
      "one_step_vrmse_field_avg": 0.22629183530807495,
      "one_step_vrmse_per_field": {
        "density": 0.08569218218326569,
        "pressure": 0.42386752367019653,
        "velocity_x": 0.18297849595546722,
        "velocity_y": 0.21262913942337036
      },
      "rollout_window_vrmse_official": {
        "6:12": 0.573144257068634,
        "13:30": 1.0214958190917969
      },
      "rollout_window_vrmse_aggregated": {
        "6:12": 0.5627634525299072,
        "13:30": 0.7707741260528564
      }
    },
    "persistence": {
      "rollout_window_vrmse_official": {
        "6:12": 1.2025690078735352,
        "13:30": 1.5833156108856201
      }
    },
    "mean": {
      "rollout_window_vrmse_official": {
        "6:12": 1.3854118585586548,
        "13:30": 1.6847325563430786
      }
    }
  }
}