model,one_step_vrmse,rollout_6:12,rollout_13:30
FNO,10.32784,45.55710,24.03385
TFNO,10.47920,60.73538,35.00863
U-Net,0.46586,47.26524,83.07294
CNextU-Net,0.22442,9.63684,16.79464
persistence,,0.14760,0.40809
mean,,0.61987,0.84835
