{
  "dataset": "rayleigh_benard",
  "protocol": {
    "n_steps_input": 4,
    "n_steps_output": 1,
    "stride": 1,
    "normalization": "ZScore (denormalized/physical-space VRMSE)",
    "H": 30,
    "windows": {
      "6:12": [
        6,
        12
      ],
      "13:30": [
        13,
        30
      ]
    },
    "vrmse": "official per-sample the_well.benchmark.metrics.VRMSE; 'aggregated' = sqrt(sum MSE / sum var)",
    "bands": "per-trajectory spread (median + 10-90th percentile) from a single full-test pass"
  },
  "fields": [
    "buoyancy",
    "pressure",
    "velocity_x",
    "velocity_y"
  ],
  "models": {
    "FNO": {
      "n_params": 19011716,
      "n_params_millions": 19.012,
      "one_step_vrmse_field_avg": 10.327836990356445,
      "one_step_vrmse_per_field": {
        "buoyancy": 1.2014074325561523,
        "pressure": 0.9528324007987976,
        "velocity_x": 10.6640625,
        "velocity_y": 28.493045806884766
      },
      "rollout_window_vrmse_official": {
        "6:12": 45.55710983276367,
        "13:30": 24.03385353088379
      },
      "rollout_window_vrmse_aggregated": {
        "6:12": 32.20742416381836,
        "13:30": 2.524317979812622
      },
      "stability_horizon": 0
    },
    "TFNO": {
      "n_params": 19276556,
      "n_params_millions": 19.277,
      "one_step_vrmse_field_avg": 10.479195594787598,
      "one_step_vrmse_per_field": {
        "buoyancy": 1.1605197191238403,
        "pressure": 0.9897292256355286,
        "velocity_x": 31.16530990600586,
        "velocity_y": 8.60122299194336
      },
      "rollout_window_vrmse_official": {
        "6:12": 60.73539733886719,
        "13:30": 35.00863265991211
      },
      "rollout_window_vrmse_aggregated": {
        "6:12": 54.31379318237305,
        "13:30": 3.320101737976074
      },
      "stability_horizon": 0
    },
    "U-Net": {
      "n_params": 17467156,
      "n_params_millions": 17.467,
      "one_step_vrmse_field_avg": 0.46586039662361145,
      "one_step_vrmse_per_field": {
        "buoyancy": 0.08092474937438965,
        "pressure": 0.03332799673080444,
        "velocity_x": 1.1411635875701904,
        "velocity_y": 0.6080251932144165
      },
      "rollout_window_vrmse_official": {
        "6:12": 47.20942687988281,
        "13:30": 82.97189331054688
      },
      "rollout_window_vrmse_aggregated": {
        "6:12": 28.938323974609375,
        "13:30": 6.417459487915039
      },
      "stability_horizon": 0
    },
    "CNextU-Net": {
      "n_params": 18575344,
      "n_params_millions": 18.575,
      "one_step_vrmse_field_avg": 0.2244170904159546,
      "one_step_vrmse_per_field": {
        "buoyancy": 0.057409703731536865,
        "pressure": 0.017674630507826805,
        "velocity_x": 0.3974672853946686,
        "velocity_y": 0.42511674761772156
      },
      "rollout_window_vrmse_official": {
        "6:12": 9.636756896972656,
        "13:30": 16.794601440429688
      },
      "rollout_window_vrmse_aggregated": {
        "6:12": 6.8825531005859375,
        "13:30": 1.654725193977356
      },
      "stability_horizon": 0
    },
    "persistence": {
      "rollout_window_vrmse_official": {
        "6:12": 0.1475965529680252,
        "13:30": 0.40808790922164917
      },
      "stability_horizon": 30
    },
    "mean": {
      "rollout_window_vrmse_official": {
        "6:12": 0.6198678612709045,
        "13:30": 0.8483518362045288
      },
      "stability_horizon": 30
    }
  }
}